{
  "type": "platt",
  "a": 576.6693371909403,
  "b": -539.2367656949784
}