{
  "type": "platt",
  "a": 236.84973674633335,
  "b": -108.74428369365138
}